{"feature_names": ["not_transformed", "squared_coordinates", "cadastral_ordinal_encoder_onehot", "log_area", "savi", "pssr", "evi", "evi2"], "classifier": "gradient_boosting", "min_samples": 500, "max_samples": 9000, "metrics": {"train": {"accuracy": 0.8670202460525042, "custom_accuracy": 0.689416796525314, "balanced_accuracy": 0.5651608049968951, "precision_macro": 0.5308227110255096, "precision_weighted": 0.8859004547859511, "recall_macro": 0.5651608049968951, "recall_weighted": 0.8670202460525042, "f1_macro": 0.5287893110814682, "f1_weighted": 0.8730152025769694}}}