{"feature_names": ["not_correlated", "cadastral_ordinal_encoder_onehot", "log_area", "log_antiquity", "squared_geoms", "pssr", "savi"], "classifier": "gradient_boosting", "min_samples": 1000, "max_samples": 15000, "metrics": {"train": {"accuracy": 0.9119054538409377, "custom_accuracy": 0.7979894085504649, "balanced_accuracy": 0.7313276683668472, "precision_macro": 0.6882360423450306, "precision_weighted": 0.9193141134148852, "recall_macro": 0.7313276683668472, "recall_weighted": 0.9119054538409377, "f1_macro": 0.7006063592821674, "f1_weighted": 0.9141436581026404}}}