{"feature_names": ["not_correlated", "cadastral_ordinal_encoder_onehot", "log_area", "log_antiquity", "squared_geoms", "pssr", "savi"], "classifier": "gradient_boosting", "min_samples": 1000, "max_samples": 15000, "metrics": {"train": {"accuracy": 0.9100067809745229, "custom_accuracy": 0.7930785571049598, "balanced_accuracy": 0.7246856035050436, "precision_macro": 0.6896631027243839, "precision_weighted": 0.918527050777344, "recall_macro": 0.7246856035050436, "recall_weighted": 0.9100067809745229, "f1_macro": 0.6965225583282818, "f1_weighted": 0.9125183621401315}}}